name,comment_karma,link_karma,is_gold,created_utc
SmallLebowsky,53473,464100,True,1463506798.0
Captain_Albern,66622,25994,False,1435432012.0
Zephymastyx,26871,22491,False,1393182594.0
tuanomsok,43757,63658,False,1301932795.0
Bumpel,6659,312065,False,1434996447.0
W1nd,71739,69520,False,1261792664.0
CaptainMcSmoky,33784,31676,False,1387940328.0
Staxx_HS,7350,15252,True,1429790066.0
Bumpel,6659,312065,False,1434996447.0
FuriousFurryFisting,17836,6721,False,1499520902.0
marks_goldman,44,12566,False,1564617333.0
monkeySphere,780,6139,False,1288338135.0
Michael_Renz,232,29698,False,1558062984.0
j0kerOS,1052,8184,False,1376988311.0
Schootingstarr,169287,36762,False,1366314243.0
_dpk,6005,11128,False,1403218645.0
LukyQuad,3044,20344,False,1501702997.0
Derausmwaldkam,46515,146904,False,1366886365.0
greyscales,89933,9201,False,1299794739.0
gjRaked,32999,19257,False,1438883214.0
krautcop,71652,32836,False,1335702978.0
xanox87,1768,43499,False,1482060581.0
SmallLebowsky,53473,464100,True,1463506798.0
carreragt100,1285,10295,False,1519103500.0
JoMa25,4458,31143,False,1532226158.0
jagermo,39420,35201,False,1207816012.0
Bastuful,5985,10253,False,1404841369.0
justamenwithinternet,1173,5975,False,1576159291.0
Capricamper,893,6933,False,1366182351.0
Bumpel,6659,312065,False,1434996447.0
SmallLebowsky,53473,464100,True,1463506798.0
Geruchsbrot,54938,110647,False,1394552912.0
claas_reloutius,8484,8897,False,1545387405.0
SmallLebowsky,53473,464100,True,1463506798.0
Dea_seven_nine,8191,8885,False,1574286756.0
_zeUbermensch_,31148,7968,False,1436524005.0
SmallLebowsky,53473,464100,True,1463506798.0
Toaztyy,4335,28815,False,1523794303.0
GirasoleDE,212439,676305,False,1417641623.0
Tofabyk,52177,11915,False,1322334749.0
3v4,3716,13690,True,1263168268.0
space-throwaway,147638,21181,False,1427530191.0
narcoticcoma,9646,7992,False,1387709643.0
psgenius,5819,467162,False,1357554024.0
SmallLebowsky,53473,464100,True,1463506798.0
kingofironfizt,88,5202,False,1541931339.0
UESPA_Sputnik,229124,54125,False,1324815955.0
XY1337,6893,23692,False,1423341749.0
HowAboutThatUsername,97342,56514,False,1388319458.0
von_Kartoffel,12986,21726,False,1507580972.0
SLNC,162721,28128,False,1326128599.0
Carnifex,82565,35559,False,1279558297.0
MrFlow,82711,458562,False,1355010074.0
Dailand,4244,7144,False,1439479290.0
Bastbra,3720,32604,False,1552734680.0
SmallLebowsky,53473,464100,True,1463506798.0
staiermann,420,266260,False,1548836044.0
King_Tamino,123345,79222,False,1454509650.0
GatsbyTheMediocre,3207,13625,False,1476721611.0
xanox87,1768,43499,False,1482060581.0
Radiodevt,21082,21427,False,1338927064.0
Racoonhero,3569,32867,False,1534612222.0
kraven420,58670,536962,False,1287599186.0
SmallLebowsky,53473,464100,True,1463506798.0
staiermann,420,266260,False,1548836044.0
joshuajari,176,5138,False,1530190735.0
breaddrink,116530,93034,False,1490258895.0
Michael_Renz,232,29698,False,1558062984.0
R4P3FRUIT,10078,13307,False,1384442442.0
SmallLebowsky,53473,464100,True,1463506798.0
SmallLebowsky,53473,464100,True,1463506798.0
venooa,1863,13099,False,1529618093.0
happy30thbirthday,3841,5096,False,1579717269.0
WinkNudgeSayNoMore,3933,54207,False,1452499648.0
Hans_A,755,5151,False,1488537775.0
Pablogelo,30260,36503,False,1397752337.0
SmallLebowsky,53473,464100,True,1463506798.0
DomWaits,16714,66790,False,1536237291.0
DemDude,73070,7627,False,1283297338.0
KilgoreThunfisch,11431,10354,False,1550653674.0
Bumpel,6659,312065,False,1434996447.0
SmallLebowsky,53473,464101,True,1463506798.0
SmallLebowsky,53473,464101,True,1463506798.0
alpakayal,43,8840,False,1591461481.0
SmallLebowsky,53473,464101,True,1463506798.0
Rariity,49953,23514,False,1420132629.0
SmallLebowsky,53473,464101,True,1463506798.0
PuntoPorPastor,37970,212069,False,1487097399.0
SuisseHabs,9398,14692,True,1429828839.0
shabusnelik,33479,10864,False,1385506430.0
IdLikeToPointOut,62334,39378,False,1295617425.0
SmallLebowsky,53473,464101,True,1463506798.0
IfaqYurmama,194210,129454,False,1436096607.0
LukyQuad,3044,20344,False,1501702997.0
-varg,12968,113655,False,1438087776.0
farox,286849,21290,False,1144075304.0
LaubFrosch1305,2489,4131,False,1548015589.0
QuastQuan,20455,34582,False,1559776455.0
TRLagia,24479,23063,False,1388237088.0
lanik_2555,2080,9025,True,1533151558.0
SmallLebowsky,53473,464100,True,1463506798.0
Takbira,2152,27077,True,1513876567.0
xGUMMIx,1939,9418,False,1346439251.0
MrD0om,5076,4675,False,1387201807.0
DrAdalbbert,3222,4315,False,1556667889.0
Soundengineer,8434,8403,False,1298916838.0
nightfoxg,2285,7606,False,1503601915.0
ScanianMoose,41927,28127,True,1402864650.0
The_Bat_Out_Of_Hell,11322,42482,False,1515932670.0
BadPanda666,702,22916,False,1486579692.0
aiekl,29,5399,False,1537108463.0
kracksundkatzen,91811,80623,False,1291325038.0
SmallLebowsky,53473,464101,True,1463506798.0
AzorackSkywalker,39858,10185,False,1510441127.0
Markuss-BK-,542,4557,False,1583161340.0
Bumpel,6659,312065,False,1434996447.0
SmallLebowsky,53473,464101,True,1463506798.0
Aliinga,3772,31457,False,1539865073.0
SmallLebowsky,53473,464101,True,1463506798.0
Avvertenze,135,4001,False,1530626749.0
elmutanto,21343,25941,False,1354996920.0
Horus7088,5459,5505,False,1428055073.0
qubecs,316,4876,False,1549008300.0
wadonki,2380,10709,False,1484311986.0
pepe41hd,3012,10739,False,1489096892.0
Emily89,17643,40728,False,1326628447.0
SmallLebowsky,53473,464101,True,1463506798.0
SmallLebowsky,53473,464101,True,1463506798.0
onlyalevel2druid,31780,10376,False,1312465506.0
SmallLebowsky,53473,464101,True,1463506798.0
SmallLebowsky,53473,464101,True,1463506798.0
SmallLebowsky,53473,464101,True,1463506798.0
theflyingindonesian,1155,8803,False,1465853921.0
fredthunder,6656,23851,False,1410024386.0
FreezeSlayer,44,4806,False,1454776955.0
AusTrotzHier,4159,6738,False,1535698869.0
Perrrson,2956,6142,False,1493130693.0
l33tb0yenc0re,240,5238,False,1517908973.0
Michaluck,2814,45852,False,1555869071.0
Schwabbsi,2344,4611,False,1382310247.0
Hiraganu,1307,4075,False,1539007692.0
Allanon47,1037,5062,False,1485105102.0
SmallLebowsky,53473,464101,True,1463506798.0
0711Markus,6742,56536,False,1534095936.0
SmallLebowsky,53473,464101,True,1463506798.0
storebolle2000,211,4391,False,1409255195.0
Bumpel,6659,312065,False,1434996447.0
Yoda_Holmes,118998,301745,False,1357506068.0
Alypax,7171,8894,False,1457291950.0
SmallLebowsky,53473,464101,True,1463506798.0
SmallLebowsky,53473,464101,True,1463506798.0
ORRRR,3549,5539,False,1343689357.0
marks_goldman,44,12566,False,1564617333.0
Bumpel,6659,312065,False,1434996447.0
quintussp,24140,14574,False,1356873418.0
besserwiedu,5512,23082,False,1553871273.0
KKlear,464842,49761,False,1380704404.0
SmallLebowsky,53473,464101,True,1463506798.0
TommyGames36,35975,48574,False,1501763469.0
SmallLebowsky,53473,464101,True,1463506798.0
bossitos,1964,5285,False,1592767000.0
Vik1ng,272615,84386,False,1293510037.0
Niedoehner,20,3872,False,1503426608.0
ubermarkus,142,3912,False,1485117860.0
Erntefrisch,1556,10912,False,1479326902.0
HydrogenCyanideHCN,25056,48408,False,1518025763.0
Clouds_Cold,533,5080,False,1526113842.0
Bunnes68,728,78696,False,1584576715.0
hell-schwarz,119466,438527,True,1467036699.0
0711Markus,6742,56536,False,1534095936.0
120decibel,16916,53765,False,1285080706.0
chernist,1921,4510,False,1399674754.0
Kaarssteun,6332,44112,False,1535184624.0
SmallLebowsky,53473,464101,True,1463506798.0
Lagmawnster,11457,9403,False,1324574669.0
timart,1694,110795,False,1408123975.0
Ekdemek,956,6397,False,1382347830.0
SmallLebowsky,53473,464101,True,1463506798.0
IfaqYurmama,194210,129454,False,1436096607.0
SmallLebowsky,53473,464101,True,1463506798.0
Pschirki,13142,82561,False,1510645465.0
iteal,60364,9882,False,1411403080.0
Dr_Schneider,803,4612,False,1511945619.0
seba07,20830,52223,False,1528021722.0
s0nderv0gel,105331,49186,False,1411799130.0
SmallLebowsky,53473,464101,True,1463506798.0
ginkoglatzkopf,1607,7242,False,1408454035.0
Soia667,1525,6356,False,1569954571.0
SmallLebowsky,53473,464101,True,1463506798.0
SmallLebowsky,53473,464101,True,1463506798.0
debazthed,131066,90691,False,1347093516.0
SmallLebowsky,53473,464101,True,1463506798.0
spatzkingprime,7631,12273,False,1339370422.0
staiermann,420,266260,False,1548836044.0
gimmemaname,321,5072,False,1475177512.0
SmallLebowsky,53473,464101,True,1463506798.0
ManoLorca,155570,74748,False,1490085972.0
Ultramegasaurus,156608,29275,False,1400180746.0
Fratzengulasch83,2549,4457,False,1555263434.0
omgwtfisgoingondude,2510,4661,False,1556045592.0
Rkhighlight,123511,12638,False,1395678141.0
Siddh1rt1,1942,11102,False,1512673160.0
Extremusautismus,140,3638,False,1553630502.0
SmallLebowsky,53473,464101,True,1463506798.0
bebesiege,61491,1285257,False,1425416523.0
Andrea-Vikt0ria,1292,3832,False,1583592844.0
SmallLebowsky,53473,464101,True,1463506798.0
Schulzenbrothers,32107,32998,False,1485282275.0
KnockKnockItsC4,10683,5921,False,1550237658.0
jetpumps,3827,4592,False,1428771380.0
SmallLebowsky,53473,464101,True,1463506798.0
I_am_a_Failer,95754,63751,False,1393951026.0
hell-schwarz,119466,438533,True,1467036699.0
Fr000k,16923,17393,False,1283936321.0
SmallLebowsky,53473,464101,True,1463506798.0
Quinlow,46471,10236,False,1473933836.0
yddeR,26065,86328,False,1306923220.0
Boozehead77,2827,26762,False,1522863568.0
s4nid,7565,12987,False,1443232223.0
Derausmwaldkam,46515,146904,False,1366886365.0
SmallLebowsky,53473,464101,True,1463506798.0
TheOnlyPhilosopher,58,6238,False,1395162760.0
SmallLebowsky,53473,464101,True,1463506798.0
Joshiboii_,1010,3702,False,1527138025.0
peterge98,2015,7989,False,1466102292.0
sternburg_export,14812,9026,False,1440942165.0
tobufckr,303,13388,False,1552775546.0
hell-schwarz,119467,438539,True,1467036699.0
Yssedrauld,10952,7619,False,1551007043.0
astronnaut,5842,17454,False,1508030745.0
hell-schwarz,119466,438539,True,1467036699.0
kraven420,58671,536962,False,1287599186.0
munuzus,3254,54323,False,1592015073.0
drtzw,1916,13478,False,1372435584.0
fleischhocka,731,7748,False,1383494085.0
Bumpel,6659,312065,False,1434996447.0
pirx_pilot88,20119,19625,False,1448883928.0
Foirent,2242,13630,False,1535233903.0
kraven420,58671,536962,False,1287599186.0
marinetankguy2,235,5369,False,1560895466.0
zzzaphod2410,14599,5463,False,1446933528.0
DomWaits,16715,66790,False,1536237291.0
Caterpill420,84257,301599,False,1479234770.0
Lila_Batzen,19399,22208,False,1485948856.0
butt-sniffler,15853,84634,False,1562645448.0
DomWaits,16715,66790,False,1536237291.0
Korosif,96868,64789,False,1432842560.0
SmallLebowsky,53473,464101,True,1463506798.0
Survalla,3561,27623,False,1536236457.0
3v4,3716,13690,True,1263168268.0
akk4ri,18,3702,False,1522600887.0
Skult0703,4888,27472,False,1499937188.0
lolol-77,85,5727,False,1558508389.0
SmallLebowsky,53473,464101,True,1463506798.0
MuttisLiebling,979,4989,False,1584945261.0
Bastbra,3721,32605,False,1552734680.0
Telesuru,2827,183746,False,1486866401.0
SmallLebowsky,53473,464101,True,1463506798.0
najHH,3252,6150,False,1534493913.0
BernhardDiener,24174,14939,False,1482772819.0
SmallLebowsky,53473,464101,True,1463506798.0
GrafDracula,1103,6916,False,1429644631.0
wursty6000,543,4453,False,1424913536.0
coffeeborne,1093,3646,False,1465909489.0
HerrDoktorAmsel,2,3601,False,1554058148.0
Old_Man_Scrooge,2970,12429,False,1496829890.0
th3momo,2242,4472,False,1352668834.0
SmallLebowsky,53473,464101,True,1463506798.0
marseletron,7169,128967,False,1344614917.0
Internetminister,52397,10948,False,1556789392.0
Bumpel,6659,312065,False,1434996447.0
SmallLebowsky,53473,464101,True,1463506798.0
Xaron,1374,244349,False,1348141813.0
McSchneite,294,5132,False,1565518952.0
hell-schwarz,119467,438545,True,1467036699.0
McErnscht,3784,8011,False,1366660399.0
Royal_Donut_Inc,46,3551,False,1592242988.0
speort,2435,5038,False,1512771218.0
debazthed,131066,90691,False,1347093516.0
StaLiN_did_9_11,31,4307,False,1548160948.0
drd0rk,10199,4608,False,1421938956.0
IngoDearS,2431,6771,False,1522141667.0
han_man1927,1838,8301,False,1388692252.0
DIEMP4DATEI,13,3503,False,1561373278.0
Michaluck,2814,45852,False,1555869071.0
sod0,6122,5301,False,1351333629.0
JimSteak,88324,17966,True,1409661470.0
Jacoshmuel,125,5203,False,1518363700.0
igen-kur,4880,4455,False,1503418100.0
BenoxLP,6096,26800,False,1563731658.0
3satHD,157,16862,False,1543873315.0
SmallLebowsky,53473,464101,True,1463506798.0
Hans_Vader,3010,54628,False,1336042086.0
hell-schwarz,119467,438555,True,1467036699.0
derLinuss,169,7170,False,1520261248.0
SmallLebowsky,53473,464101,True,1463506798.0
Yaruxi,56,3388,False,1307196968.0
proart87,915,5659,False,1583781868.0
SmallLebowsky,53473,464101,True,1463506798.0
SmallLebowsky,53473,464101,True,1463506798.0
lebberworschdebrot,219,3340,False,1472065489.0
julius1504,1235,8879,False,1452865284.0
Yoda_Holmes,118998,301745,False,1357506068.0
leopold_s,83535,22474,False,1380724597.0
Ricardi0n,900,8376,False,1389301209.0
SmallLebowsky,53473,464101,True,1463506798.0
SmallLebowsky,53473,464101,True,1463506798.0
thefirstdetective,37550,43009,True,1550617797.0
Xaron,1374,244349,False,1348141813.0
Andy_Lubitz_,21,9901,False,1551129837.0
ensign_paris,8185,6447,False,1365703495.0
SmallLebowsky,53473,464101,True,1463506798.0
MaterialAdvantage,64159,4155,False,1562966460.0
Xaron,1374,244349,False,1348141813.0
Smiling-Bandit,4120,25406,False,1311524587.0
gulakinapuffar,355,3735,False,1569301369.0
ksm-hh,10618,22705,False,1546703454.0
kraven420,58671,536962,False,1287599186.0
upvotereff,5155,4479,False,1322558396.0
I_am_at_school_AMA,13016,10580,False,1420991610.0
Ozel0t,17494,11348,False,1417006397.0
Julian81295,17069,23407,False,1539017673.0
Reis_aus_Indien,5525,68647,False,1549520615.0
Bumpel,6659,312065,False,1434996447.0
nighteeeeey,5801,17051,True,1534348443.0
maryantoinette02,206,5777,False,1543443561.0
SmallLebowsky,53473,464101,True,1463506798.0
Bumpel,6659,312065,False,1434996447.0
wissichnichtttt,221,6411,False,1539589160.0
TheBigBavarian,3646,4744,False,1421345939.0
ffedf1,2439,7252,False,1508614675.0
innere_emigration,1053,8217,False,1522771589.0
flubbly,350,5382,False,1428773406.0
Kifferasiate,3894,54504,False,1488722479.0
Tomania,1826,3994,False,1323535445.0
Gereon83,6294,45356,False,1460055382.0
hagr,15114,18238,True,1337078371.0
hell-schwarz,119467,438558,True,1467036699.0
SmallLebowsky,53473,464101,True,1463506798.0
papao1,715,4044,False,1415550861.0
TrienneOfBarth,18781,22505,False,1527773414.0
pixel7000,9333,4615,False,1220833650.0
efka526,21414,6302,False,1567627684.0
nicePenguin,11784,11269,False,1316966213.0
SmallLebowsky,53473,464101,True,1463506798.0
DomWaits,16715,66792,False,1536237291.0
markik95,423,5086,False,1494456999.0
ilickgrandmas,14194,68382,False,1562260620.0
madsen05,40748,5083,False,1451876525.0
Jezaja,10944,14293,False,1366453336.0
CoRe534,5950,11052,False,1456494612.0
lolnein,143333,1726762,True,1364414247.0
Bumpel,6659,312065,False,1434996447.0
Augenzeuge0910,763,3408,False,1570707431.0
HerrLevin_,1630,14434,False,1464248098.0
hell-schwarz,119468,438566,True,1467036699.0
TheBeerCannon,292851,33305,False,1349622218.0
alfu30b,29833,23271,False,1452256708.0
404IdentityNotFound,64451,21861,False,1433761154.0
Pixelprou,3589,23142,False,1362666076.0
Acatinmylap,23217,4262,False,1441396799.0
6lackGoat,4210,7656,False,1568736471.0
drjekyll,6535,16799,False,1222289687.0
Castoridus,1583,3421,False,1591483420.0
thefirstdetective,37550,43009,True,1550617797.0
SmallLebowsky,53473,464101,True,1463506798.0
Patrick0110,386,12853,False,1524640036.0
rurudotorg,23481,15449,True,1410802337.0
blunderduffin,1026,3202,False,1528196527.0
jraxxo,1490,9442,False,1317389860.0
jammy00x,4285,14155,False,1524591015.0
Bumpel,6659,312065,False,1434996447.0
LRX22G,1210,4040,False,1522527332.0
bebesiege,61491,1285257,False,1425416523.0
SmallLebowsky,53473,464101,True,1463506798.0
SergeantBeef,1088,5047,False,1575581384.0
SmallLebowsky,53473,464101,True,1463506798.0
DomWaits,16715,66792,False,1536237291.0
darealdarkabyss,9441,13882,False,1527058189.0
Smiling-Bandit,4120,25406,False,1311524587.0
s0nderv0gel,105331,49186,False,1411799130.0
Dradolin,196,8370,False,1442267113.0
moloe0,24375,85165,False,1486150029.0
CursedMummy,3951,33447,False,1513872661.0
XYYYYYYYY,3697,10355,False,1338465730.0
Loeibaer,6833,28630,False,1516356068.0
hardinho,62472,30017,False,1332278092.0
Priamosish,590943,521491,False,1444001585.0
fleischsackmarodeur,56073,12583,False,1448394522.0
toblu,359263,29148,False,1379838426.0
jagermo,39420,35201,False,1207816012.0
TorpCat,6283,7957,True,1549888087.0
SmallLebowsky,53473,464101,True,1463506798.0
Ueckichy,221,4650,False,1436559595.0
Brekster,10215,3738,False,1415900096.0
Rudi1556,19,3098,False,1426091681.0
Dahatsi,706,14684,False,1529954637.0
Enkrod,43765,20413,False,1364288181.0
Roxxagon,111848,234385,False,1498292508.0
icecubeinanicecube,60691,8528,False,1501504015.0
PM-Me-Tyranid-Pics,2033,3284,False,1547104803.0
DerCriostai,1863,7523,False,1527874733.0
Kosovo_Gjilan04,5367,93382,False,1545802595.0
SmallLebowsky,53473,464101,True,1463506798.0
surge3d,1665,11132,False,1365692044.0
ajushus,20586,11689,False,1393321804.0
Kroxeldyphic,43509,3846,False,1521648641.0
TxgerCSGO,1109,12684,False,1443969593.0
Shuri9,12103,8909,False,1416172401.0
fatheads64,2514,4077,False,1302454829.0
Teroxa,1813,12103,False,1453310037.0
KasimirDD,67695,43425,False,1532704318.0
Beerbrewing,29029,264034,False,1386423611.0
Juhema,1019,10068,False,1508105677.0
Timmi3000,179,3200,False,1474482299.0
Weird_Sheep,1846,8683,False,1356173176.0
tretbootpilot,17184,14956,False,1511964601.0
ohvalox,50202,41462,False,1482789859.0
Oktoberpferd,23801,6430,False,1575207845.0
unammusic,2735,47336,False,1510132402.0
SockeaufShrooms,55,3881,False,1493555935.0
The_Sceptic_Lemur,86812,24030,False,1547569643.0
Fickschnitzel77,1011,22342,False,1551103515.0
Xaron,1374,244349,False,1348141813.0
Pschirki,13142,82561,False,1510645465.0
TheBartonFink,26015,441972,False,1497956539.0
erdbeertee,15382,115894,False,1300452355.0
Saru1337,585,3778,False,1479075286.0
Talamonso,326,3131,False,1560311229.0
Schulzenbrothers,32107,32998,False,1485282275.0
woistmax,8285,9083,False,1568713446.0
Lasagsey,33545,337939,False,1534842106.0
kracksundkatzen,91811,80623,False,1291325038.0
sumpfbieber,24813,15497,False,1545115951.0
NovaHorizon,6558,22931,False,1405675067.0
SmallLebowsky,53473,464101,True,1463506798.0
Evo145,790,3031,False,1570232877.0
kafros3,108,2956,False,1552305622.0
DomWaits,16715,66793,False,1536237291.0
DerHalunke88,1072,7574,False,1551791035.0
kapenaar89,776,3014,False,1471446927.0
AmIFromA,19038,6091,False,1547031474.0
mogamergod,295,2930,False,1509266935.0
Perrinho,14022,47916,False,1372174781.0
fasih196,1147,8877,False,1500157856.0
Johnobo,20610,59256,False,1325112504.0
Asoziales-Netzwerk,1928,27989,False,1485297090.0
flaucherkiesel,234,3039,False,1535693875.0
oo-,38577,4987,False,1305984180.0
dirksn,11249,43804,True,1546768184.0
RareStrawberry,880,6285,False,1546956054.0
SmallLebowsky,53473,464101,True,1463506798.0
danielgerber1977,1189,3628,False,1515079160.0
ElDottore69,364,17413,False,1562054379.0
Pixelprou,3589,23142,False,1362666076.0
staplehill,46644,32636,True,1484961947.0
DerTobii,1083,31131,False,1474312343.0
JackRaynor,8053,4950,False,1377022090.0
IMFROM9GAG,2402,3854,False,1340412415.0
IdLikeToPointOut,62334,39378,False,1295617425.0
humblezz098,100,3737,False,1570315388.0
whoismilan,12939,13584,False,1307753127.0
SmallLebowsky,53473,464102,True,1463506798.0
Priamosish,590944,521491,False,1444001585.0
Grapengeter,5192,21799,False,1428768854.0
kraven420,58671,536962,False,1287599186.0
tommek83,0,3349,False,1510769179.0
damgas92,36877,29696,False,1436719117.0
breaddrink,116530,93034,False,1490258895.0
ChollieTheDog,184,7346,False,1482451507.0
Garrisyl,6434,5126,False,1412093549.0
SmallLebowsky,53473,464102,True,1463506798.0
Seventh_Planet,61202,5751,False,1338655162.0
NelienE,4234,8277,False,1557844802.0
Cosmoaquanaut,6572,14216,False,1567594677.0
jofurch,3617,76919,False,1589127747.0
Dwez1337,9425,245787,False,1525211477.0
TimeyWho,3382,17812,False,1483734128.0
SpiinDeX,12039,124118,True,1438192372.0
Xaron,1374,244349,False,1348141813.0
PrachtOecher,3445,3641,False,1590169545.0
erstegeige,15197,7222,False,1538174516.0
nick993,52055,5769,False,1305979652.0
SmallLebowsky,53473,464102,True,1463506798.0
hell-schwarz,119468,438588,True,1467036699.0
Asoziales-Netzwerk,1928,27989,False,1485297090.0
J0K3R2G0,967,6496,False,1490920122.0
WasGing1EE7,1033,14324,False,1436887077.0
Puapal,706,3491,False,1483569634.0
FairTrade_Pandasteak,5358,5785,False,1465242594.0
Harpa,12858,5309,False,1304943253.0
Akokaontawu,3321,15281,False,1408553928.0
WarApple,13329,7809,False,1339295730.0
SkylarOnFire,3972,7033,False,1463471151.0
Sossenbinder,14638,13217,False,1358714742.0
0rJay,9166,22927,False,1551717988.0
IfaqYurmama,194210,129454,False,1436096607.0
Michaluck,2814,45852,False,1555869071.0
Ricardi0n,900,8376,False,1389301209.0
WindchimesSuck,393,3324,False,1551605476.0
Nordseepirat,4519,11872,False,1544801476.0
So4_,892,7649,False,1497961159.0
Coldguardian,2642,10300,False,1384156813.0
Absyntho,1645,3176,False,1457628181.0
hell-schwarz,119468,438590,True,1467036699.0
oxymoron7,15604,34848,False,1280424521.0
Schnitzelfee,825,3577,False,1295958485.0
Oddy-7,30567,4290,False,1516105986.0
SmallLebowsky,53473,464102,True,1463506798.0
DudeLebowski31,179,3821,False,1585956206.0
moebius23,6380,3866,False,1306067703.0
Cartendole,8875,22448,False,1434821909.0
Kuchenblech_Mafioso,125295,6999,False,1525426070.0
gabriel3374,20516,95605,False,1377428098.0
RedPum4,11941,11114,False,1444779126.0
Aldrot,1552,6303,False,1473681989.0
clustersintheair,0,3381,False,1560084020.0
Eeban,205,3767,False,1430102341.0
vjx99,18826,4405,False,1564335497.0
Priamosish,590944,521491,False,1444001585.0
theCodingWombat,2554,3265,False,1491893879.0
harzach,52332,52119,False,1433803820.0
0711Markus,6742,56536,False,1534095936.0
Catabu,275,3010,False,1312915805.0
dnelband,531,3405,False,1533159894.0
__JuSt_A_rAnDoM__,4048,3190,False,1568284989.0
Asoziales-Netzwerk,1928,27989,False,1485297090.0
bebesiege,61491,1285257,False,1425416523.0
force73,1355,18192,False,1381398073.0
vik42069,18767,8674,False,1553726762.0
Oneiroanthropid,13014,8088,False,1432112072.0
Dauna_Dulz,483,11592,False,1445505687.0
Derausmwaldkam,46515,146904,False,1366886365.0
3v4,3716,13690,True,1263168268.0
Katanae,51933,11625,False,1338745201.0
superXhelmut,224,3574,False,1566334416.0
wokouwokou,670,9395,False,1491518289.0
somebeddict,9714,25181,False,1390693310.0
xanox87,1768,43499,False,1482060581.0
brickh34d,1988,7064,False,1424551735.0
backalleyduckdealer,26258,52493,False,1539615483.0
bedbooster,12831,60987,False,1444960360.0
fredthunder,6656,23851,False,1410024386.0
julian12981,5716,31659,False,1490896517.0
cyberloop3000,9741,80175,False,1462875532.0
ken_f,40420,34497,False,1408834923.0
Sackgeschmack,5734,9009,False,1545987847.0
_Buff_Tucker_,39172,21119,False,1471867479.0
lolxian,6463,6064,False,1327845776.0
kraven420,58671,536962,False,1287599186.0
ExpertOfSomething,1896,3424,False,1529226899.0
Bumpel,6659,312065,False,1434996447.0
cintei,23041,27307,False,1408542366.0
0711Markus,6742,56536,False,1534095936.0
Faibleforhits,624,5971,False,1438894531.0
lamb-chopz,9478,101340,False,1545404092.0
Atrike,1951,8434,False,1364509964.0
kullifullerbleistift,647,4062,False,1587634589.0
Gray_Cota,31536,9716,False,1471341543.0
Wastey111,1102,8222,False,1444211479.0
neunzehnhundert,9741,4579,False,1413820185.0
boysetsfire1988,74652,29076,False,1403475175.0
ArikGuitarik,275,3920,False,1485793923.0
thebesuto,41845,40737,False,1417185778.0
Lentjiom,75,6894,False,1460211548.0
Ballislife7171,20,3380,False,1570983284.0
SoilworkFanatic,5168,10037,False,1378741598.0
Disciplinaryspank,6981,10884,False,1574062196.0
doenertierkuchen,5196,109575,False,1477234094.0
HeAngryy,372,3567,False,1514725278.0
SmallLebowsky,53473,464102,True,1463506798.0
Yoda_Holmes,118998,301745,False,1357506068.0
SlipT0m,44,3243,False,1487614363.0
Bagel_Geese,10285,6798,False,1551468448.0
00Laser,130541,11314,False,1418567845.0
jaromir39,2743,4286,False,1546861693.0
LilGrandOs,4583,11680,False,1524548906.0
Dalanziel,28508,13955,False,1473077641.0
SmallLebowsky,53473,464102,True,1463506798.0
rmesh,8105,5324,False,1341184063.0
hell-schwarz,119468,438594,True,1467036699.0
0711Markus,6742,56536,False,1534095936.0
AnzeigeIstRausDanke,782,4677,False,1549913580.0
DonDalle,5142,17787,False,1385905695.0
JoeFalchetto,147726,374941,False,1418143655.0
Drizzt1990,30877,6589,False,1423650053.0
panda8842,252,4508,False,1525071917.0
SuccMcFuggins,824,3495,False,1493660009.0
SmallLebowsky,53473,464102,True,1463506798.0
backalleyduckdealer,26258,52493,False,1539615483.0
Sprich-Deutsch,443,2670,False,1595705160.0
communistkangu,22434,8006,False,1530878800.0
nifteind,2065,4481,False,1369402584.0
besserwiedu,5512,23082,False,1553871273.0
Viewer_420,3321,4165,False,1571343778.0
Phipsiei,357,5364,False,1526638622.0
xanaxboi_420,367,4957,False,1514637081.0
SmallLebowsky,53473,464103,True,1463506798.0
Nick_elodoen,2247,7018,False,1450181427.0
Michael_Renz,232,29698,False,1558062984.0
agni123,9412,29472,False,1354225446.0
JustARandomGerman,139247,106421,False,1410263874.0
antigauche,221,2670,False,1463208460.0
Mainzerize,22915,45346,False,1445376656.0
backalleyduckdealer,26258,52493,False,1539615483.0
Silaries,40946,29999,False,1476310696.0
Pschirki,13142,82561,False,1510645465.0
ddoeth,39804,7257,True,1447187193.0
91hexogen,2608,4121,False,1477496942.0
kikazzez,7981,20004,False,1440367110.0
cuniculus69,4334,10430,False,1551988264.0
IntertwinedStrings,3332,13981,False,1535405825.0
VoodooEconometrician,17297,37730,False,1414666487.0
Jimmyweb,3239,7425,False,1420895818.0
weartrousers,151,3090,False,1518635921.0
noemchen,815,3282,False,1563504516.0
Hunter1155,270,5530,False,1457892466.0
Frida_the_unicorn,16418,7487,False,1460900713.0
vxx,440713,76352,False,1321895493.0
ThePorousOne,1899,3095,False,1557525208.0
marseletron,7169,128967,False,1344614917.0
Bumpel,6659,312065,False,1434996447.0
kraven420,58671,536962,False,1287599186.0
SmallLebowsky,53473,464103,True,1463506798.0
timart,1694,110795,False,1408123975.0
SmallLebowsky,53473,464103,True,1463506798.0
NoobCanoeWork,16851,7510,False,1427109210.0
Elsyon,1626,9988,False,1516433947.0
Geruchsbrot,54939,110647,False,1394552912.0
Tremortotem,23911,5661,False,1556966233.0
BloederFuchs,125691,40431,False,1307721853.0
MerlsYT,214,4411,False,1573191009.0
3urny,20027,10080,False,1349993820.0
KingMG210,5312,5319,False,1465778637.0
Tani-die-VI,331,3413,False,1568985570.0
breaddrink,116530,93034,False,1490258895.0
Haverbray,200,5620,False,1431870373.0
ginsoul,4607,9665,False,1360066677.0
Krapfenmann,2269,10712,False,1455530450.0
agni123,9412,29472,False,1354225446.0
SmallLebowsky,53473,464103,True,1463506798.0
NotJ3st3r,1920,17726,False,1519166539.0
bebesiege,61491,1285257,False,1425416523.0
PPIIKKAACCHHUU,1124,1048017,False,1514414259.0
Derausmwaldkam,46515,146904,False,1366886365.0
Bunnes68,728,78696,False,1584576715.0
Licke11,1865,5354,False,1557427676.0
2bitinternet,26785,12183,False,1360604150.0
Greatmambojambo,618549,372742,False,1401719245.0
cintei,23041,27307,False,1408542366.0
yesnoisclear,101,2957,False,1433010574.0
Priamosish,590944,521491,False,1444001585.0
DeadPengwin,46529,29339,False,1462951988.0
VoodooEconometrician,17297,37730,False,1414666487.0
Kokostiger,983,16669,False,1473100158.0
zelkoo,12426,46514,False,1490643673.0
SporeHermelin,3515,3772,False,1518809485.0
Guciguciguciguci,1043,2751,False,1578442476.0
kraven420,58671,536962,False,1287599186.0
luleigas,178601,32755,False,1491907366.0
bedbooster,12831,60987,False,1444960360.0
Pellinski,23700,104911,False,1452729126.0
gaia88,15897,42070,False,1378919489.0
SmallLebowsky,53473,464103,True,1463506798.0
bebesiege,61491,1285257,False,1425416523.0
Eve_Flowerpower,5,2778,False,1565180832.0
sumdude44,2686,7343,False,1474039885.0
ApertureIntern,3882,6706,False,1409606826.0
Xaron,1374,244349,False,1348141813.0
Defin335,16602,11968,False,1447182626.0
-benyeahmin-,3181,27511,True,1471032753.0
mschuster91,49759,9762,False,1432881094.0
RetardedPeanut,419,7267,False,1477685268.0
dyz1904,678,3947,False,1514395082.0
Derausmwaldkam,46515,146904,False,1366886365.0
kraven420,58671,536962,False,1287599186.0
SmallLebowsky,53473,464103,True,1463506798.0
assistedassistance,24266,3144,False,1509213505.0
Chopakachino,5339,8856,False,1549611618.0
high_priestess23,58172,14309,False,1551198320.0
Lentjiom,75,6894,False,1460211548.0
tuxic21,183,2660,False,1556866504.0
DomWaits,16716,66796,False,1536237291.0
trix97,23,11794,False,1554530625.0
surryhills,1319,4047,False,1328810920.0
SoilworkFanatic,5168,10037,False,1378741598.0
hannes3120,77059,19632,False,1372266019.0
Ziellos97,630,2947,False,1454608751.0
SmallLebowsky,53473,464103,True,1463506798.0
SmallLebowsky,53473,464103,True,1463506798.0
Noirlingue,560,2701,False,1562929537.0
dirksn,11249,43804,True,1546768184.0
simonatoo,874,5517,False,1573117777.0
Cinema7D,24379,341800,False,1462987177.0
SmallLebowsky,53473,464103,True,1463506798.0
Schohns,25850,51325,False,1384876806.0
SmallLebowsky,53473,464103,True,1463506798.0
fuubar,1327,4035,False,1322049190.0
preliminaryaccount,542,2645,False,1369670410.0
SmallLebowsky,53473,464103,True,1463506798.0
tastetherainbowmoth,45406,24855,False,1469478205.0
IdLikeToPointOut,62334,39378,False,1295617425.0
HedgeHogHugo,1516,30857,False,1570566244.0
MrPeperonny,1862,4526,False,1535895077.0
vara21,827,2944,False,1452515256.0
15_Redstones,33770,82538,False,1431583595.0
sofiahdlbrg,1556,4646,False,1483826664.0
Sharkymoto,17508,23859,False,1428444149.0
mauzli,892,4460,False,1526110588.0
TheKingofTerrorZ,17453,27453,False,1550846379.0
Asoziales-Netzwerk,1928,27989,False,1485297090.0
SmallLebowsky,53473,464103,True,1463506798.0
Cinema7D,24379,341800,False,1462987177.0
Siddh1rt1,1942,11102,False,1512673160.0
iOnceShatWisdom,530,3464,False,1559126812.0
drtzw,1916,13478,False,1372435584.0
Benebua276,6717,18946,False,1539774957.0
Kalmer1,19367,7384,False,1515007434.0
sumake,5391,6176,False,1461983572.0
voodoocode,13267,10614,False,1359118117.0
SmallLebowsky,53473,464103,True,1463506798.0
Saeleth,53603,16797,False,1383483077.0
eljo123,79,2536,False,1509552746.0
therealjohnnyjules,1171,12448,True,1444932990.0
kraven420,58671,536962,False,1287599186.0
DerOdenwaldSepp,280,3390,False,1578046248.0
Ordinary-Username,209,5266,False,1504100107.0
themikeosguy,8398,27182,False,1384182916.0
Robiwanknobi,197,25567,False,1512776751.0
bebesiege,61491,1285257,False,1425416523.0
Thrazkh,14552,5068,False,1398411372.0
DeadBundy,5546,13398,False,1330986499.0
MuchosCarbs,57775,34318,False,1490043167.0
guyfromcologne,2028,3412,False,1312453211.0
Kreisjaegermeister,2001,2856,False,1562605776.0
citizenofeurope,18474,59972,False,1505407222.0
cyberloop3000,9741,80175,False,1462875532.0
Juli2128,56,3306,False,1557947521.0
bebesiege,61491,1285257,False,1425416523.0
RollOverboard,2464,2744,False,1471208261.0
HoneyBastard,14083,8346,False,1320265424.0
thebesuto,41845,40737,False,1417185778.0
amurdermarge,1918,9591,False,1521417905.0
ernsehe,2701,33100,False,1496481722.0
bebesiege,61491,1285257,False,1425416523.0
Pschirki,13142,82561,False,1510645465.0
TimeyWho,3382,17812,False,1483734128.0
kraven420,58671,536962,False,1287599186.0
kraven420,58671,536962,False,1287599186.0
phi_rus,14853,33935,False,1563016269.0
McPebbster,37986,18501,False,1492023439.0
RandomiusIII,10533,7048,False,1533916203.0
wwtom,2761,7952,False,1442088997.0
DomWaits,16716,66798,False,1536237291.0
Supericchan,23,8369,False,1474467929.0
Shotok,1508,7677,False,1367589280.0
senteswins,1278,11811,False,1347789714.0
FalcaoHermanos,5997,87430,False,1565172217.0
Nordseepirat,4519,11872,False,1544801476.0
dayoffrettchen,590,2762,False,1401018209.0
wei4nich,13373,19027,False,1397161286.0
xXxFARPOTSHKETxXx,56,2597,False,1550840715.0
Turtle456,26187,260663,False,1460543769.0
thefirstdetective,37550,43009,True,1550617797.0
qualactin,1132,3345,False,1373232584.0
Sire-Mondieu,15204,4043,False,1520941735.0
Enum1,18950,41089,False,1361107183.0
Ordner,1545,319691,False,1524151670.0
VishnuX,11341,21228,False,1453933009.0
n00bsh00ter,451,3122,False,1354648438.0
FrigginSargonMan,5738,16495,False,1507727033.0
Madas5,338,9783,False,1499775717.0
zickarr,494,5524,False,1508238238.0
Parax,1265,2793,False,1300374311.0
McGrex,82347,143773,False,1419459582.0
g0ldent0y,23376,11530,False,1353661169.0
hagr,15114,18238,True,1337078371.0
jabuntux,6255,4998,False,1329520603.0
Martaen,1317,3852,False,1396207735.0
SmallLebowsky,53473,464103,True,1463506798.0
ForkYouMan,260,2699,False,1507268652.0
weizikeng,11772,7622,False,1556919350.0
Nieder94,33,2739,False,1465911163.0
FlyingLowSH,277290,58336,False,1394788429.0
Uhrens0hn,20288,9324,False,1555477922.0
SufficientlyHumorous,23736,49266,False,1576445345.0
AUTplayed,27775,22427,False,1439450971.0
get_tech,34161,5205,False,1373974019.0
Pixelprou,3589,23142,False,1362666076.0
021789,2479,2969,False,1596181857.0
SPQR_Nemesis,188,2538,False,1572953113.0
SmallLebowsky,53473,464103,True,1463506798.0
DaWedla,663,2640,False,1571737254.0
hell-schwarz,119471,438635,True,1467036699.0
The_Cult_Of_Skaro,52098,18742,False,1356648776.0
Priamosish,590944,521492,False,1444001585.0
nutellagangbang,2081,7256,False,1518529527.0
Cpt__Captain,7298,3877,False,1435507263.0
Xaron,1374,244349,False,1348141813.0
bejay45,7112,12010,False,1416326055.0
aggrobarto,1221,2951,False,1564524556.0
Bumpel,6659,312065,False,1434996447.0
Gnurx,17809,320440,False,1316675250.0
Bumpel,6659,312065,False,1434996447.0
Pieberg,1275,2637,False,1510824186.0
WirLiebenPhlipper,11388,6196,False,1563608462.0
vraet,604,3851,False,1544516327.0
Xaron,1374,244349,False,1348141813.0
kuddemuddel,3720,9851,False,1447349893.0
LinusvanPelt98,8,2801,False,1494436254.0
HolzhausGE,6498,10161,False,1437782477.0
treverios,92234,17582,False,1342982873.0
SmallLebowsky,53473,464103,True,1463506798.0
ZUPiTOX,622,94246,False,1518721108.0
Geruchsbrot,54938,110648,False,1394552912.0
Reis_aus_Indien,5525,68647,False,1549520615.0
Fifvolhgfinb,1523,20001,False,1526837370.0
jakn,1244,5006,False,1457460306.0
Reis_aus_Indien,5525,68647,False,1549520615.0
Spielesandwich,253,2554,False,1487922466.0
Punisher274,1005,11897,False,1538913217.0
teddyvd2002,4747,21293,False,1534343786.0
Bumpel,6659,312065,False,1434996447.0
SuisseHabs,9399,14694,True,1429828839.0
jaegersenpai,1893,18300,False,1532203150.0
kraven420,58671,536962,False,1287599186.0
bedbooster,12831,60987,False,1444960360.0
halfmanhalfalligator,5344,27601,False,1375735884.0
Bavler,0,5462,False,1532891165.0
TomTheTumor,2852,18889,False,1500667579.0
L00rf3ld,16702,4572,False,1537423035.0
Bumpel,6659,312065,False,1434996447.0
Thaddel,88229,44923,False,1386765548.0
tkmpelt,815,2760,True,1563602334.0
Odatas,266373,60346,False,1314819983.0
IchWillDochNurPizza,857,9944,False,1561301047.0
loisesess,66,2510,False,1542765438.0
ElDottore69,364,17413,False,1562054379.0
JuggerClutch,111582,403684,False,1473279583.0
shiroiwa,5316,10541,False,1324070056.0
Igor_W,2028,44357,False,1507838188.0
Loewe1402,1116,4052,False,1499235783.0
blkpingu,32199,26886,False,1435305839.0
bejay45,7112,12010,False,1416326055.0
dougalue,12534,15256,False,1510665122.0
tobeins,81,2397,False,1493912899.0
Soia667,1525,6356,False,1569954571.0
LennartGimm,24884,26137,False,1501257144.0
InsaneAlpaka,2036,3565,False,1472058299.0
Eywalion,459,3512,False,1502296721.0
50674,1014,5850,False,1506160462.0
embergoose,5374,6069,False,1453991614.0
Bumpel,6659,312065,False,1434996447.0
wadonki,2380,10709,False,1484311986.0
Timovsky,1053,2899,False,1517091937.0
tiglicacid,3239,4227,False,1449162979.0
SmallLebowsky,53473,464103,True,1463506798.0
endzeitaffe,4043,8878,False,1534498765.0
recycledbanana,6501,7281,False,1446501870.0
SephGER,32969,17366,True,1369339628.0
Sempomat,250,2948,False,1509268097.0
Denso95,27149,26196,False,1470297851.0
Lasagsey,33545,337939,False,1534842106.0
Tex-the-Dragon,261,9444,False,1533116459.0
GirasoleDE,212463,676313,False,1417641623.0
paeniz,2745,15786,False,1323777945.0
cornholio07,40719,67594,False,1349384792.0
GerGamebH,1683,25285,False,1535539902.0
MiloshMare,620,2606,False,1379273363.0
Naloxon95,6748,2616,False,1364844543.0
XaipeX,43816,7555,False,1386198776.0
ShouldIBeWorried19,136,10629,False,1592769702.0
MidgetShortage,12677,6333,False,1374615373.0
Too_Drunk_To_Write,32891,32260,False,1476878977.0
Smiling-Bandit,4120,25406,False,1311524587.0
LisaFickey69,390,2729,False,1594231993.0
flusselb,877,3531,False,1514323816.0
breaddrink,116530,93034,False,1490258895.0
soerenantoineblume,43509,85562,False,1512972538.0
cyberloop3000,9741,80175,False,1462875532.0
lolnein,143333,1726762,True,1364414247.0
Squarox,86,3117,False,1411553037.0
cschliep,2777,14858,False,1469173933.0
gruuz,149,5378,False,1380727600.0
call_me_his_dudeness,2235,2892,False,1572442227.0
bebesiege,61491,1285257,False,1425416523.0
m_domino,18416,10259,False,1513387627.0
cyberloop3000,9741,80175,False,1462875532.0
DA_SANTOS,595,79148,False,1514901751.0
Yoda_Holmes,118998,301745,False,1357506068.0
geroldreddit,180,2455,False,1504876703.0
Michael_Renz,232,29698,False,1558062984.0
GzudemREGOR,978,40036,False,1522795273.0
Duftwolke,47128,6416,False,1527281695.0
Phipsiei,357,5364,False,1526638622.0
Yammqk,315,3529,False,1491700838.0
Tjarke-sto,179,2240,False,1561130431.0
GirasoleDE,212464,676313,False,1417641623.0
bluethenstaub,317,2445,False,1459821302.0
FlowBull,26587,53787,False,1389781293.0
kraven420,58671,536962,False,1287599186.0
BoogieSC2,990,3519,False,1457889118.0
Bavler,0,5462,False,1532891165.0
popozen,191,5624,False,1564712542.0
bebesiege,61491,1285257,False,1425416523.0
Johnobo,20610,59256,False,1325112504.0
WestThuringian,1124,2743,False,1561993224.0
Kalderasha,2378,4148,True,1481738659.0
Jiro_,341,3208,False,1452801249.0
antonthehusky,14,2421,False,1514566474.0
Ruehrstabmotor,14757,9065,False,1453847926.0
TimaeGer,54602,6986,False,1376071730.0
Jolu-,19545,7060,False,1328609310.0
Smiling-Bandit,4120,25406,False,1311524587.0
kumanosuke,36145,66159,False,1329310393.0
Igor_W,2028,44357,False,1507838188.0
ALLINUPPERCASE,12192,14259,False,1451255602.0
Stopokop,1650,4511,False,1602846590.0
Baldory,1192,8168,False,1512490091.0
kraven420,58671,536962,False,1287599186.0
KahKahFau,107,2961,False,1509535864.0
LadyTerror666,2094,2762,False,1526043203.0
weckerm,3034,9859,False,1440932332.0
CupsOfCoffeeAndToast,6191,3515,False,1586384862.0
moloe0,24375,85165,False,1486150029.0
filthyandcynical,2218,10622,False,1480026505.0
bravesentry,1851,5653,False,1531121385.0
KinthamasIX,17975,37610,False,1479753914.0
marshall_b,512,2419,False,1490738406.0
Dauna_Dulz,483,11592,False,1445505687.0
SmallLebowsky,53473,464103,True,1463506798.0
lolnein,143333,1726762,True,1364414247.0
Stipser,2,2383,False,1506322162.0
bedbooster,12831,60987,False,1444960360.0
kplx__,180,13322,False,1525424156.0
mikison1,1284,4478,False,1508699889.0
Bumpel,6659,312065,False,1434996447.0
kraven420,58671,536962,False,1287599186.0
AlsoAnAngiosperm,3522,12586,False,1421118971.0
DocFalko,7781,3730,False,1485079931.0
nutellagangbang,2081,7256,False,1518529527.0
cyberloop3000,9741,80175,False,1462875532.0
Dosenfisch_,23,2397,False,1571967856.0
SmallLebowsky,53473,464103,True,1463506798.0
MightyKartoffel,31959,24594,False,1458469123.0
redtaboo,124955,54896,True,1228880836.0
trix97,23,11794,False,1554530625.0
kraven420,58671,536963,False,1287599186.0
G4ni,5133,3655,False,1514632285.0
bebesiege,61491,1285257,False,1425416523.0
tumblingdicetrs,113,26732,False,1544012822.0
bebesiege,61491,1285257,False,1425416523.0
fckmode2,22,2364,False,1552291133.0
hell-schwarz,119472,438667,True,1467036699.0
k_unger,1426,16192,False,1410115743.0
M1ssMut1g,1791,2468,False,1587925333.0
SmallLebowsky,53473,464103,True,1463506798.0
bebesiege,61491,1285257,False,1425416523.0
Whipfather,89317,71960,False,1343165641.0
ARK0NiX,551,2725,False,1384351800.0
Xaron,1374,244349,False,1348141813.0
